"ID","name","category","IAA","NAA","tir1_IAA","tir1_NAA","tir1vsSp","tir1vsSp_i","tir1vsSp_n"
"MapolyY_A0044","MpABI1A","ABA","none","none","none","none","up","up","up"
"MapolyY_B0005","MpHSF3","TF","none","none","none","none","up","up","up"
"MapolyY_B0017","MpBPC2","TF","none","none","none","none","none","none","up"
"MapolyY_B0018","MpbHLH46","TF","none","none","none","none","up","up","up"
"MapolyY_B0018","MpMYC2","JA","none","none","none","none","up","up","up"
"MapolyY_B0021","MpGATA6","TF","none","none","none","none","up","up","up"
"Mapoly0001s0020","MpTrihelix1","TF","none","none","none","none","none","none","none"
"Mapoly0001s0021","MpbZIP1","TF","none","none","none","none","none","none","none"
"Mapoly0001s0058","ACS-related","ethylene","none","up","none","none","none","up","none"
"Mapoly0001s0061","MpR2R3-MYB1","TF","none","none","none","none","none","none","none"
"Mapoly0001s0192","MpCDF","TF","none","none","none","none","none","none","none"
"Mapoly0001s0226","MpEIN2","ethylene","none","down","none","none","down","down","down"
"Mapoly0001s0259","MpbHLH27","TF","none","none","none","none","none","down","none"
"Mapoly0001s0284","MpETR2","ethylene","none","none","none","none","none","none","none"
"Mapoly0001s0298","MpTCP2","TF","none","none","none","none","none","none","none"
"Mapoly0001s0312","MpTrihelix2","TF","none","none","none","none","none","none","none"
"Mapoly0001s0341","MpERF1","TF","none","none","none","down","none","none","none"
"Mapoly0001s0346","MpILR","auxin","none","down","none","none","none","none","none"
"Mapoly0001s0385","MpGRAS1","TF","none","none","none","none","none","none","none"
"Mapoly0001s0480","MpRR-MYB1","TF","none","down","none","none","none","down","none"
"Mapoly0001s0537","MpGID1L1","GA","none","down","none","none","none","down","none"
"Mapoly0010s0220","MpYUC4","auxin","none","none","none","none","none","none","none"
"Mapoly0100s0033","MpbHLH41","TF","none","none","none","none","down","down","down"
"Mapoly0101s0006","MpRRB","TF","none","none","none","none","none","up","none"
"Mapoly0101s0006","Type-B RR","cytokinin","none","none","none","none","none","up","none"
"Mapoly0101s0068","MpGARP7/MpLUX","TF","none","down","none","none","none","down","none"
"Mapoly0102s0028","MpAThook1","TF","none","none","none","none","up","up","up"
"Mapoly0103s0012","MIR166a","MIR","none","none","none","none","none","none","up"
"Mapoly0103s0059","MpLOG","cytokinin","none","none","none","none","none","none","none"
"Mapoly0104s0012","MpTZF","TF","none","none","none","none","none","none","none"
"Mapoly0104s0036","Cytokinin receptors","cytokinin","none","none","none","none","none","none","down"
"Mapoly0107s0039","MpTrihelix24","TF","none","none","none","none","none","none","none"
"Mapoly0107s0048","MpAUX1","auxin","none","none","none","none","up","up","up"
"Mapoly1089s0002","MpR2R3-MYB21","TF","up","up","none","none","none","down","up"
"Mapoly0011s0011","MpTrihelix8","TF","none","none","none","none","none","none","up"
"Mapoly0011s0037","MpASLBD4","TF","none","none","none","none","none","none","none"
"Mapoly0011s0057","MpTrihelix9","TF","none","none","none","none","none","none","none"
"Mapoly0011s0096","MpSnRK2B","ABA","none","none","none","up","none","none","none"
"Mapoly0011s0122","MpC2H2-3","TF","none","none","none","none","none","none","none"
"Mapoly0011s0161","MpMADS2","TF","none","none","none","none","none","none","none"
"Mapoly0011s0167","MpB3-1/MpARF2","TF","none","none","none","none","none","down","up"
"Mapoly0011s0167","MpARF2","auxin","none","none","none","none","none","down","up"
"Mapoly0011s0176","MpNAC3","TF","none","none","none","up","none","none","up"
"Mapoly0011s0205","MpHSF1","TF","none","none","none","none","up","up","up"
"Mapoly0110s0001","MpC2H2-16","TF","none","none","none","none","none","none","none"
"Mapoly0110s0028","MpBBX5","TF","none","down","none","none","none","down","none"
"Mapoly0113s0006","MAX2","strigolactone","none","none","none","none","none","none","none"
"Mapoly0113s0034","MpLFY","TF","none","none","none","none","none","none","none"
"Mapoly0113s0037","MpE2F","TF","none","up","none","none","none","none","none"
"Mapoly0113s0052","MpTrihelix25","TF","none","none","none","none","none","none","none"
"Mapoly0113s0058","MpTrihelix26","TF","none","none","none","none","none","none","none"
"Mapoly0114s0007","MpRR-MYB4","TF","none","up","none","none","none","none","none"
"Mapoly0114s0037","MpbHLH23","TF","none","none","none","none","up","up","up"
"Mapoly0115s0036","MpABCB5","auxin","none","none","none","none","none","none","none"
"Mapoly0115s0048","MpGARP4/MpPHR2","TF","none","up","none","none","none","none","none"
"Mapoly1185s0001","MpASLBD20","TF","none","none","none","none","none","none","none"
"Mapoly0119s0041","MpGARP6/MpHSR","TF","none","down","none","none","none","none","up"
"Mapoly0119s0048","MpTrihelix27","TF","none","none","none","none","none","none","up"
"Mapoly0012s0026","MpbHLH25","TF","none","none","none","none","none","none","none"
"Mapoly0012s0089","MpIPT2","cytokinin","none","none","none","none","none","none","none"
"Mapoly0012s0090","MpHD4/MpBELL3","TF","none","none","none","none","none","none","none"
"Mapoly0012s0172","MpbZIP3","TF","none","none","none","none","none","none","none"
"Mapoly0012s0202","MpbHLH24","TF","none","down","none","none","none","none","up"
"Mapoly0120s0051","MpDP2","TF","none","none","none","none","none","none","none"
"Mapoly0122s0007","MpPRR","TF","none","down","none","none","none","none","none"
"Mapoly0122s0020","MpbZIP13","TF","none","up","none","none","none","down","none"
"Mapoly0122s0029","MpBBX6","TF","none","up","none","none","none","down","none"
"Mapoly0122s0030","MpTrihelix28","TF","none","none","none","none","none","none","none"
"Mapoly0123s0012","MpR2R3-MYB18","TF","none","none","none","none","none","down","none"
"Mapoly0124s0014","MpCKX1 cytokinin oxidase1","cytokinin","none","none","none","down","none","none","none"
"Mapoly0124s0021","MpbHLH1","TF","none","none","none","none","none","none","none"
"Mapoly0124s0064","MpERF19","TF","none","none","none","none","none","none","none"
"Mapoly0125s0019","MpDP3","TF","none","none","none","none","none","none","none"
"Mapoly0126s0029","MpbHLH38","TF","none","none","none","none","none","none","none"
"Mapoly0127s0005","MpYUC1","auxin","none","none","none","none","none","none","none"
"Mapoly0129s0052","MpAThook2","TF","none","none","none","none","none","none","none"
"Mapoly0013s0010","MpncIAA","auxin","none","down","none","none","none","none","none"
"Mapoly0013s0027","MpHD5/MpBELL4","TF","none","none","none","none","none","none","none"
"Mapoly0013s0048","MpHMGbox1","TF","none","up","none","none","none","none","none"
"Mapoly0013s0054","MpBZR1","TF","none","none","none","none","none","none","none"
"Mapoly0013s0062","MpARID1","TF","none","none","none","none","none","none","none"
"Mapoly0013s0114","MpGID1L4","GA","none","none","none","none","none","down","none"
"Mapoly0013s0116","MpGID1L5","GA","none","none","none","none","none","none","up"
"Mapoly0013s0135","MpTrihelix10","TF","none","none","none","none","none","none","none"
"Mapoly0013s0145","Mp1R-MYB5","TF","none","up","none","none","none","none","none"
"Mapoly0013s0153","MpAO","ABA","none","none","none","none","none","none","none"
"Mapoly0013s0167","MpbHLH51","TF","none","none","none","none","none","none","none"
"Mapoly0013s0172","MpIDDL1","TF","none","up","none","none","none","none","up"
"Mapoly0130s0002","MpKOL3","GA","none","none","none","none","none","none","none"
"Mapoly0130s0003","MpKOL2","GA","none","none","none","none","none","none","none"
"Mapoly0130s0023","MpTrihelix29","TF","none","none","none","none","none","down","none"
"Mapoly0130s0030","MpbZIP14","TF","none","none","none","none","none","none","none"
"Mapoly0130s0035","MpTrihelix30","TF","none","none","none","none","none","none","up"
"Mapoly0132s0008","MpHD17/MpBELL2","TF","none","none","none","none","none","none","none"
"Mapoly0132s0016","MpTrihelix31","TF","none","none","none","none","none","none","none"
"Mapoly0132s0029","Mp3R-MYB3","TF","none","none","none","none","none","none","none"
"Mapoly0132s0031","Mp3R-MYB4","TF","none","none","none","none","none","none","none"
"Mapoly0133s0031","MpGID1L8","GA","none","down","none","none","none","down","none"
"Mapoly0134s0007","MpABA4","ABA","none","none","none","none","none","none","none"
"Mapoly0134s0020","PILS2","auxin","none","up","none","none","none","up","none"
"Mapoly1350s0001","MpGRF","TF","down","none","none","none","none","down","none"
"Mapoly0136s0025","MpERF20","TF","none","none","none","none","up","up","up"
"Mapoly0138s0004","MpCBF5","TF","none","none","none","none","none","up","none"
"Mapoly0014s0044","MpRWP2/MpMID","TF","none","none","none","none","none","none","none"
"Mapoly0014s0060","MpHD6/WOX","TF","none","down","none","down","none","none","up"
"Mapoly0014s0183","MpGRAS3","TF","none","none","none","none","none","none","down"
"Mapoly0014s0193","Mp1R-MYB6","TF","none","none","none","none","none","none","none"
"Mapoly0014s0195","MpCDC5","TF","none","none","none","none","none","down","none"
"Mapoly0014s0223","MpSPL2","TF","none","none","none","none","up","up","up"
"Mapoly0014s0224","MpSPL1","TF","none","none","none","none","none","none","none"
"Mapoly0140s0010","MpKOL1","GA","none","up","none","none","down","down","down"
"Mapoly0142s0034","MpTrihelix32","TF","none","down","none","none","none","down","none"
"Mapoly0143s0011","MpRR-MYB5","TF","none","none","none","none","none","none","none"
"Mapoly0144s0031","MpAP2L4","TF","none","none","none","none","none","none","none"
"Mapoly0144s0032","MpAP2L5","TF","none","none","none","none","none","none","none"
"Mapoly0144s0033","MpAP2L6","TF","none","none","none","none","none","none","none"
"Mapoly0145s0004","MpPYL5","ABA","none","none","none","none","none","none","none"
"Mapoly0148s0001","MpPPP1","TF","none","none","none","none","none","none","none"
"Mapoly0148s0036","MpSAUR6","auxin","none","none","none","none","none","none","none"
"Mapoly1480s0001","MpAP2L7","TF","none","none","none","none","none","none","none"
"Mapoly0015s0001","MpbHLH30","TF","none","none","none","none","none","none","none"
"Mapoly0015s0003","MpbHLH29","TF","none","none","none","none","none","none","none"
"Mapoly0015s0005","MpbZIP4","TF","none","down","none","none","down","down","down"
"Mapoly0015s0008","MpTPS3","GA","none","none","none","none","down","down","down"
"Mapoly0015s0058","MpNAC1","TF","none","down","none","none","none","none","up"
"Mapoly0015s0066","MpNCED","ABA","none","up","none","none","none","none","none"
"Mapoly0015s0087","MIR11697 ","MIR","none","down","none","none","none","none","up"
"Mapoly0015s0087","MpMIRYUC2","auxin","none","down","none","none","none","none","up"
"Mapoly0015s0121","MpTrihelix11","TF","none","none","none","none","none","none","none"
"Mapoly0015s0164","MpB3-2/MpREM2","TF","none","up","none","none","none","down","none"
"Mapoly0150s0001","Mp3R-MYB5","TF","none","none","none","none","none","none","none"
"Mapoly0150s0015","MpbHLH16","TF","none","none","none","none","none","none","none"
"Mapoly0150s0016","MpbHLH17","TF","none","none","none","none","none","none","none"
"Mapoly0151s0042","MpAThook3","TF","none","none","none","none","none","none","none"
"Mapoly0152s0027","MpASLBD14","TF","none","none","none","none","none","none","none"
"Mapoly0153s0037","MpC2H2-17","TF","none","none","none","none","none","none","none"
"Mapoly0153s0039","MpASLBD15","TF","none","none","none","none","none","none","none"
"Mapoly0154s0032","MpCTR3","ethylene","none","none","none","none","none","none","none"
"Mapoly0154s0047","MpNFX1-2","TF","none","none","none","none","none","none","none"
"Mapoly0155s0008","MpTrihelix33","TF","none","down","none","none","none","down","none"
"Mapoly0156s0007","MpGARP8/MpGLD","TF","none","none","none","none","none","none","down"
"Mapoly0156s0012","MpHD18/C4HDZ","TF","none","none","none","none","none","down","none"
"Mapoly0157s0009","MpGARP2/MpENO","TF","none","none","none","none","none","none","none"
"Mapoly1575s0001","MpYUC5","auxin","none","none","none","none","none","none","none"
"Mapoly1576s0001","MpGRAS10","TF","none","up","none","none","none","none","up"
"Mapoly0158s0003","MpRR-MYB6","TF","none","up","none","none","none","none","none"
"Mapoly0159s0017","MpTrihelix34","TF","none","none","none","none","none","none","down"
"Mapoly0159s0028","MpTrihelix35","TF","none","down","none","none","none","none","down"
"Mapoly0159s0029","MpDEL1","TF","none","up","none","none","none","none","none"
"Mapoly0016s0064","MpC2H2-4","TF","none","none","none","none","none","up","none"
"Mapoly0016s0098","MpbZIP5","TF","none","none","none","none","none","down","none"
"Mapoly0016s0110","MpbHLH18","TF","none","none","none","none","none","none","none"
"Mapoly0016s0123","MpSAUR2","auxin","none","up","none","none","none","none","none"
"Mapoly0162s0001","MpWRKY12","TF","none","none","none","none","none","down","none"
"Mapoly0162s0003","MpWRKY13","TF","none","none","none","none","none","none","none"
"Mapoly0162s0017","Mp1R-MYB20","TF","none","none","none","none","none","none","up"
"Mapoly0166s0010","MpERF21","TF","none","none","none","none","none","none","none"
"Mapoly0166s0022","Mp3R-MYB6","TF","none","none","none","none","none","none","down"
"Mapoly0167s0025","MpTPS1","GA","none","none","none","none","none","none","none"
"Mapoly0168s0004","MpGeBP4","TF","none","none","none","none","none","none","none"
"Mapoly0168s0007","MpCCAAT-NFYC3","TF","none","none","none","none","none","none","none"
"Mapoly0017s0009","MpGATA3","TF","none","none","none","none","none","none","none"
"Mapoly0017s0024","MpABI1B","ABA","none","none","none","none","none","none","none"
"Mapoly0173s0030","MpASLBD16","TF","none","none","none","none","none","none","none"
"Mapoly0174s0004","MpbHLH44","TF","none","down","none","none","up","up","up"
"Mapoly0174s0007","MpHD19/MpKNOX1A","TF","none","none","none","none","none","none","none"
"Mapoly0174s0011","MpMADS1","TF","none","down","none","none","up","up","up"
"Mapoly0175s0015","MpNAC6","TF","none","none","none","none","none","none","none"
"Mapoly0175s0020","MpHD20/MpKNOX1","TF","none","none","none","none","none","none","none"
"Mapoly0176s0008","MpASLBD17","TF","none","none","none","none","none","up","none"
"Mapoly0178s0023","MpTrihelix36","TF","none","none","none","none","none","none","none"
"Mapoly0018s0001","MpHSF2","TF","none","none","none","none","none","none","none"
"Mapoly0018s0011","MpBPC1","TF","none","none","none","none","none","none","none"
"Mapoly0018s0018","MpbHLH26/MpMYC1","TF","none","none","none","none","none","none","none"
"Mapoly0018s0018","MpMYC1","JA","none","none","none","none","none","none","none"
"Mapoly0018s0019","MpMYC1","JA","none","none","none","none","none","none","none"
"Mapoly1803s0001","MpASLBD21","TF","none","none","none","none","none","none","none"
"Mapoly0182s0009","MpABCB4","auxin","none","none","none","none","none","none","none"
"Mapoly0183s0010","MpB3-7/MpREM1","TF","none","none","none","none","none","none","none"
"Mapoly0184s0008","MpTrihelix37","TF","none","up","none","none","none","none","none"
"Mapoly0019s0040","MpbZIP6","TF","none","none","none","none","none","down","none"
"Mapoly0019s0045","MpB3-3/MpARF1","TF","none","none","none","none","none","down","none"
"Mapoly0019s0045","MpARF1","auxin","none","none","none","none","none","down","none"
"Mapoly0019s0071","MpR2R3-MYB6","TF","none","none","none","none","none","none","none"
"Mapoly0019s0096","MpBZR2","TF","none","up","none","none","none","none","none"
"Mapoly0019s0115","MpC2H2-5","TF","none","none","none","none","none","none","none"
"Mapoly0019s0134","MpSPL3","TF","none","none","none","none","none","down","none"
"Mapoly0019s0144","MpCCAAT-NFYA","TF","none","down","none","down","none","none","none"
"Mapoly0194s0001","MpHD21/MpKNOX2","TF","none","none","none","none","none","none","none"
"Mapoly0194s0011","MpGRAS9","TF","none","none","none","none","up","up","up"
"Mapoly0198s0008","MpDEL2","TF","none","none","none","none","none","none","none"
"Mapoly0002s0032","MpTrihelix3","TF","none","none","none","none","none","none","none"
"Mapoly0002s0069","MpC2H2-19","TF","none","none","none","none","none","none","none"
"Mapoly0002s0080","MpSAUR8","auxin","none","none","none","none","none","none","none"
"Mapoly0002s0081","MpSAUR9","auxin","none","none","none","none","none","none","none"
"Mapoly0002s0082","MpSAUR10","auxin","none","none","none","none","none","none","none"
"Mapoly0002s0083","MpSAUR11","auxin","none","none","none","none","none","none","none"
"Mapoly0002s0084","MpSAUR12","auxin","none","none","none","none","none","none","none"
"Mapoly0002s0085","MpSAUR13","auxin","none","none","none","none","none","none","none"
"Mapoly0002s0086","MpSAUR14","auxin","none","none","none","none","none","none","none"
"Mapoly0002s0172","MpTrihelix4","TF","none","none","none","none","none","none","none"
"Mapoly0002s0204","MpTrihelix5","TF","none","down","none","none","none","none","none"
"Mapoly0002s0211","MIR160","MIR","none","none","none","none","none","none","none"
"Mapoly0002s0271","MpGeBP1","TF","none","up","none","none","none","none","none"
"Mapoly0002s0331","MKAOL2","GA","none","up","none","none","none","none","none"
"Mapoly0020s0001","MpERF3","TF","none","none","none","none","none","none","none"
"Mapoly0020s0013","Mp1R-MYB7","TF","none","up","none","none","none","down","none"
"Mapoly0020s0051","MpNAC4","TF","none","none","none","none","none","up","none"
"Mapoly0020s0131","MKAOL1","GA","none","up","none","none","none","none","none"
"Mapoly0207s0001","MpTPS2","GA","none","none","none","none","none","none","none"
"Mapoly0021s0100","MpbHLH8","TF","none","none","none","none","none","none","none"
"Mapoly0021s0101","MpbHLH9","TF","none","none","none","none","none","none","none"
"Mapoly0210s0005","Mp3R-MYB7","TF","none","none","none","none","none","none","none"
"Mapoly0213s0014","MpHD22/MpBELL1","TF","none","none","none","none","none","none","none"
"Mapoly0214s0002","MpCCAAT-NFYB1","TF","none","none","none","none","none","up","none"
"Mapoly0216s0010","MpCCAAT-NFYB2","TF","none","none","none","none","none","none","none"
"Mapoly0022s0028","Mp1R-MYB8","TF","none","down","none","none","none","none","none"
"Mapoly0022s0032","MpGARP1/MpKAN","TF","none","none","none","none","none","none","up"
"Mapoly0022s0095","MpbZIP7","TF","none","down","none","up","none","none","none"
"Mapoly0022s0128","MpRKD","TF","none","up","none","none","none","none","none"
"Mapoly0022s0150","Type-A RR","cytokinin","none","none","none","none","none","down","none"
"Mapoly0221s0001","MpTPS7","GA","none","none","none","none","none","none","none"
"Mapoly0223s0002","MpERF22","TF","none","none","none","none","none","none","none"
"Mapoly0229s0008","MpTrihelix38","TF","none","none","none","none","none","none","none"
"Mapoly0023s0011","MKAOL3","GA","none","none","none","none","none","none","none"
"Mapoly0023s0075","MpERF4","TF","none","none","none","none","none","none","none"
"Mapoly0023s0081","MpHD7/MpKNOX1B","TF","none","none","none","none","none","none","none"
"Mapoly0023s0090","Mp1R-MYB9","TF","none","none","none","none","none","none","none"
"Mapoly0023s0101","MpR2R3-MYB7","TF","none","none","none","none","none","none","none"
"Mapoly0023s0118","MpCXC1","TF","none","none","none","none","none","none","down"
"Mapoly0023s0137","KAI2","strigolactone","none","down","none","none","none","none","down"
"Mapoly0232s0001","MpbHLH31","TF","none","none","none","none","none","none","up"
"Mapoly0239s0004","MIR11671","MIR","none","up","none","none","down","down","down"
"Mapoly0024s0094","MpR2R3-MYB8","TF","none","none","none","none","up","up","up"
"Mapoly0024s0106","MpbHLH20/MpBNB","TF","none","none","none","none","none","none","none"
"Mapoly0024s0120","MpJAGGED","TF","none","none","none","none","none","down","none"
"Mapoly0240s0002","Mp3R-MYB8","TF","none","none","none","none","none","none","none"
"Mapoly0025s0025","MpCOI","JA","none","none","none","none","none","none","up"
"Mapoly0025s0044","MpbHLH49","TF","none","none","none","none","none","none","none"
"Mapoly0025s0085","MpCYP707A","ABA","none","none","none","none","none","none","none"
"Mapoly0025s0112","MpTrihelix12","TF","none","none","none","none","none","none","none"
"Mapoly0250s0002","Mp1R-MYB21","TF","none","none","none","none","none","none","none"
"Mapoly0026s0039","MpbZIP8","TF","none","none","none","none","none","none","up"
"Mapoly0026s0070","MpRR-MYB2","TF","none","down","none","none","none","none","down"
"Mapoly0026s0095","MpERF5","TF","none","none","none","none","none","none","none"
"Mapoly0026s0096","MpGID1L6","GA","none","none","none","none","up","up","up"
"Mapoly0026s0097","MpERF6","TF","none","none","none","none","none","none","none"
"Mapoly0026s0098","MpGID1L6.1","GA","none","none","none","none","up","up","up"
"Mapoly0026s0138","MpHMGbox2","TF","none","up","none","none","none","none","none"
"Mapoly0027s0033","MpBBX1","TF","none","none","none","none","none","none","down"
"Mapoly0027s0069","MpWRKY3","TF","none","none","none","none","none","none","none"
"Mapoly0027s0108","MpPIN5","auxin","none","none","none","none","none","none","none"
"Mapoly0027s0111","MpPIN4","auxin","none","up","none","none","none","none","none"
"Mapoly0027s0112","MpPIN2","auxin","none","none","none","none","none","none","none"
"Mapoly0028s0036","MpETR3","ethylene","none","none","none","none","none","none","none"
"Mapoly0028s0058","MpbHLH4","TF","none","none","none","none","none","none","none"
"Mapoly0028s0060","MpbHLH3","TF","none","none","none","none","none","none","none"
"Mapoly0028s0062","MpbHLH2","TF","none","down","none","none","none","none","down"
"Mapoly0028s0084","MpABA1","ABA","none","none","none","none","down","down","down"
"Mapoly0028s0100","MpbHLH48","TF","none","down","none","none","up","up","up"
"Mapoly0028s0101","MpbHLH47","TF","none","none","none","none","none","up","none"
"Mapoly0029s0015","MpHD8/DDT2","TF","none","none","none","none","none","none","none"
"Mapoly0029s0022","MpC2H2-6","TF","none","none","none","none","none","none","none"
"Mapoly0029s0028","Mp1R-MYB10","TF","none","none","none","none","none","none","none"
"Mapoly0029s0079","MpAlfin1","TF","none","none","none","none","none","none","none"
"Mapoly0029s0130","MpbHLH34","TF","none","none","none","none","none","none","none"
"Mapoly0029s0135","MpbHLH33","TF","none","up","none","none","none","none","none"
"Mapoly0029s0145","MpHD9/PINTOX","TF","none","none","none","none","none","none","none"
"Mapoly0293s0001","MpERF23","TF","none","none","none","none","none","none","none"
"Mapoly0003s0147","MpGARP5/MpPHR3","TF","none","none","none","none","none","down","none"
"Mapoly0003s0164","MpTrihelix6","TF","none","none","none","none","none","none","none"
"Mapoly0003s0183","MpGID1L2","GA","none","none","none","none","none","none","none"
"Mapoly0003s0192","MpCYP51","GA","none","none","none","none","none","none","none"
"Mapoly0003s0211","MpIAMT1","auxin","none","none","none","none","down","down","down"
"Mapoly0003s0229","MpTrihelix39","TF","none","none","none","none","none","none","none"
"Mapoly0003s0245","MpC2H2-1","TF","none","up","none","none","none","none","none"
"Mapoly0003s0271","MpGRAS2","TF","none","up","none","none","none","none","none"
"Mapoly0003s0288","MpTrihelix7","TF","none","none","none","none","none","none","none"
"Mapoly0003s0300","MpGID1L3","GA","none","none","none","none","none","none","up"
"Mapoly0030s0009","MpHMGbox3","TF","none","none","none","none","none","none","up"
"Mapoly0030s0035","MpLIM2","TF","none","none","none","none","none","down","up"
"Mapoly0030s0080","MpPYL1","ABA","none","up","none","none","none","none","none"
"Mapoly0030s0125","MpARID2","TF","none","none","none","none","none","down","up"
"Mapoly0030s0140","MpPYL4","ABA","none","none","none","none","none","none","none"
"Mapoly0030s0141","MpbHLH22","TF","none","none","none","none","none","none","none"
"Mapoly0031s0041","MpGRAS4","TF","none","down","none","none","none","none","up"
"Mapoly0031s0059","MpHMGbox4","TF","none","none","none","none","none","none","none"
"Mapoly0031s0072","MpbHLH35","TF","none","none","none","none","none","none","none"
"Mapoly0031s0074","MpbHLH36","TF","none","none","none","none","none","none","none"
"Mapoly0031s0075","MpbHLH50","TF","none","none","none","none","none","none","none"
"Mapoly0031s0076","MpbHLH37","TF","none","none","none","none","none","none","none"
"Mapoly0031s0148","KAI2","strigolactone","none","none","none","none","none","none","up"
"Mapoly0031s0161","MpbHLH12","TF","none","none","none","none","none","none","up"
"Mapoly0031s0170","MpWRKY4","TF","none","none","none","none","none","none","none"
"Mapoly0313s0001","MpPYL2","ABA","none","none","none","none","none","none","none"
"Mapoly0318s0001","MpR2R3-MYB19","TF","none","none","none","none","none","none","none"
"Mapoly0032s0010","MpHD10/MpLD","TF","none","none","none","none","none","none","none"
"Mapoly0032s0097","MpTrihelix13","TF","none","down","none","none","none","none","none"
"Mapoly0032s0124","MpTAA","auxin","none","down","none","none","up","up","up"
"Mapoly0032s0153","MpR2R3-MYB9","TF","none","none","none","none","none","none","none"
"Mapoly0033s0004","MpHD11/MpNDX","TF","none","none","none","none","none","none","none"
"Mapoly0033s0012","MpIPT1","cytokinin","none","none","none","none","none","none","none"
"Mapoly0033s0037","MpIBR5","auxin","none","none","none","none","none","none","none"
"Mapoly0033s0095","MpIDDL2","TF","none","none","none","down","none","none","up"
"Mapoly0330s0001","Mp3R-MYB9","TF","none","none","none","none","none","none","none"
"Mapoly0034s0006","MpSAUR7","auxin","none","none","none","none","none","down","none"
"Mapoly0034s0008","MpSAUR5","auxin","none","none","none","none","none","down","none"
"Mapoly0034s0017","MpIAA","auxin","none","none","none","none","none","down","none"
"Mapoly0034s0029","MpERF7","TF","none","none","none","none","none","down","none"
"Mapoly0034s0034","MpR2R3-MYB10","TF","none","none","none","none","none","none","none"
"Mapoly0034s0053","MpbHLH32","TF","none","down","none","none","down","down","down"
"Mapoly0034s0060","MpACS","ethylene","none","none","none","none","none","none","none"
"Mapoly0034s0126","MpbZIP9","TF","none","down","none","none","none","down","none"
"Mapoly0035s0025","MpSAUR1","auxin","none","none","none","none","none","none","none"
"Mapoly0035s0046","MpNAC2","TF","none","none","none","none","down","down","down"
"Mapoly0035s0049","MpNAC7","TF","none","none","none","none","up","up","up"
"Mapoly0035s0054","MpNAC8","TF","none","none","none","none","none","none","none"
"Mapoly0035s0062","MpTIR","auxin","none","down","none","none","none","none","up"
"Mapoly0035s0104","MIR11692","MIR","none","down","none","none","none","none","down"
"Mapoly0035s0104","MpMIRAXI2","auxin","none","down","none","none","none","none","down"
"Mapoly0035s0146","MpbHLH5","TF","none","none","none","none","none","none","none"
"Mapoly0036s0100","MpIAR4B","auxin","none","up","none","none","none","none","none"
"Mapoly0036s0107","Mp3R-MYB1","TF","none","up","none","none","down","down","down"
"Mapoly0036s0109","MpNFX1-1","TF","none","none","none","none","none","up","none"
"Mapoly0036s0126","MpETR1","ethylene","none","none","none","none","none","none","none"
"Mapoly0036s0129","MpWRKY5","TF","none","none","none","none","none","none","none"
"Mapoly0036s0136","MpWRKY6","TF","none","none","none","none","none","none","none"
"Mapoly3661s0001","MpASLBD22","TF","none","none","none","none","none","none","none"
"Mapoly0037s0007","MpbHLH21","TF","none","none","none","none","none","none","none"
"Mapoly0037s0014","MpABCB3","auxin","up","up","up","none","none","down","none"
"Mapoly0037s0099","MpTrihelix14","TF","none","none","none","none","none","none","none"
"Mapoly0037s0113","MpTrihelix15","TF","none","down","none","none","none","none","none"
"Mapoly0037s0146","MpTrihelix16","TF","none","none","none","none","none","up","none"
"Mapoly0038s0058","MpbHLH15","TF","none","none","none","none","down","down","down"
"Mapoly0038s0075","MpERF8","TF","none","none","none","none","none","none","none"
"Mapoly0038s0096","MpCXC2","TF","none","none","none","none","none","none","none"
"Mapoly0039s0003","MpbHLH14/MpRSL","TF","up","up","none","none","down","down","down"
"Mapoly0039s0030","MpWRKY7","TF","none","none","none","none","none","none","none"
"Mapoly0039s0059","MpbHLH6/MpPIF","TF","none","down","none","none","none","none","none"
"Mapoly0039s0068","MpbHLH7","TF","none","none","none","none","none","none","down"
"Mapoly0039s0074","MIR11687.1","MIR","none","none","none","none","none","none","none"
"Mapoly0004s0047","MpASLBD1","TF","none","none","none","none","none","none","none"
"Mapoly0004s0169","Mp1R-MYB1","TF","none","up","none","none","none","none","none"
"Mapoly0040s0004","MpR2R3-MYB11","TF","none","none","none","none","none","none","none"
"Mapoly0040s0112","MpbHLH13","TF","none","up","none","none","down","down","down"
"Mapoly0040s0116","MpWRKY8","TF","none","none","none","none","none","none","up"
"Mapoly0040s0134","MpDOF1","TF","none","none","none","none","none","none","none"
"Mapoly0041s0025","MpERF9","TF","none","none","none","none","none","none","none"
"Mapoly0041s0098","MpC2H2-7","TF","none","up","none","none","none","none","none"
"Mapoly0041s0104","MpTrihelix17","TF","none","none","none","none","none","none","none"
"Mapoly0042s0030","MpGH3B","auxin","none","none","none","none","none","none","down"
"Mapoly0042s0058","Mp1R-MYB11","TF","none","none","none","none","none","down","none"
"Mapoly0042s0072","MpRR-MYB3","TF","none","none","none","none","none","none","none"
"Mapoly0043s0010","MpTrihelix18","TF","none","none","none","none","none","none","none"
"Mapoly0043s0052","MpGID2","GA","none","down","none","none","none","none","down"
"Mapoly0043s0095","Mp1R-MYB12","TF","none","none","none","none","none","down","none"
"Mapoly0043s0098","MpB3-4/MpARF3","TF","none","up","none","none","none","none","up"
"Mapoly0043s0098","MpARF3","auxin","none","up","none","none","none","none","up"
"Mapoly0043s0128","MpARID-HMGbox","TF","none","none","none","none","none","none","none"
"Mapoly0045s0043","Mp1R-MYB13","TF","none","none","none","none","none","none","none"
"Mapoly0046s0038","MpERF10","TF","none","none","none","none","none","none","none"
"Mapoly0046s0060","MpASLBD5","TF","none","none","none","none","none","none","none"
"Mapoly0046s0102","MpbZIP10","TF","none","none","none","none","none","down","none"
"Mapoly0046s0122","MpTPS5","GA","none","down","none","down","down","down","down"
"Mapoly0467s0001","MpWRKY14","TF","none","none","none","none","none","none","up"
"Mapoly0047s0021","MpSAUR4","auxin","none","none","none","none","none","none","down"
"Mapoly0047s0034","MpGRAS5","TF","none","up","none","none","down","down","down"
"Mapoly0047s0121","MpGIF","TF","none","up","none","none","none","none","none"
"Mapoly0474s0001","MpB3-8/MpABI3B","TF","none","none","none","none","none","none","up"
"Mapoly0048s0045","MpAP2L3","TF","none","none","none","none","none","none","none"
"Mapoly0048s0052","MpYUC3","auxin","none","none","none","none","none","none","none"
"Mapoly0048s0099","MpbHLH42","TF","none","none","none","none","none","none","none"
"Mapoly0049s0030","MpBBX2","TF","none","none","none","none","none","none","up"
"Mapoly0049s0067","MpBBX3","TF","none","none","none","none","none","none","none"
"Mapoly0049s0083","MpSHI","TF","down","none","none","none","none","none","none"
"Mapoly0049s0118","MpRWP1","TF","none","up","none","none","none","down","none"
"Mapoly0005s0077","MpGATA1","TF","none","down","none","none","none","none","none"
"Mapoly0005s0139","MpCYP716","GA","none","none","none","none","none","none","down"
"Mapoly0005s0152","MpCCAAT-NFYC1","TF","none","down","none","none","down","down","down"
"Mapoly0005s0159","MpHD1/DDT1","TF","none","none","none","none","none","down","none"
"Mapoly0005s0166","NINJA","JA","none","none","none","none","none","none","none"
"Mapoly0005s0203","MpCSD","TF","none","none","none","none","none","none","none"
"Mapoly0005s0212","MpGATA2","TF","none","none","none","none","none","none","up"
"Mapoly0005s0280","MpLIM1","TF","none","none","none","none","none","none","none"
"Mapoly0050s0010","MpDP1","TF","none","none","none","none","none","none","none"
"Mapoly0050s0090","MpASLBD24","TF","none","none","none","none","up","up","up"
"Mapoly0050s0107","MpTPS6","GA","none","none","none","none","none","none","none"
"Mapoly0502s0001","MpbHLH43/LRL1","TF","none","up","none","none","down","down","down"
"Mapoly0508s0001","MpPYL3","ABA","none","none","none","none","none","none","none"
"Mapoly0051s0025","MpHMGbox5","TF","none","down","none","none","none","none","none"
"Mapoly0051s0029","MpTrihelix19","TF","none","up","none","none","none","none","none"
"Mapoly0051s0040","MpERF11","TF","none","none","none","none","up","up","up"
"Mapoly0051s0057","MpWRKY9","TF","none","none","none","none","none","down","none"
"Mapoly0051s0062","MpASLBD6","TF","none","none","none","none","down","down","down"
"Mapoly0051s0078","MpTPL","auxin","none","up","none","none","none","down","none"
"Mapoly0053s0002","MpERF12","TF","none","none","none","none","none","none","none"
"Mapoly0053s0058","MpCCAAT-NFYC2","TF","none","none","none","none","none","none","none"
"Mapoly0053s0073","MpGH3A","auxin","none","down","none","none","none","none","up"
"Mapoly0053s0108","MpPIN3","auxin","none","none","none","none","none","none","none"
"Mapoly0054s0021","MpbHLH11","TF","none","none","none","none","none","none","none"
"Mapoly0055s0044","MpGID1L7","GA","none","down","none","none","none","none","up"
"Mapoly0055s0052","MpbHLH45","TF","none","none","none","none","none","none","up"
"Mapoly0055s0125","PILS1","auxin","none","none","none","none","none","none","none"
"Mapoly0056s0059","MpTrihelix20","TF","none","up","none","none","none","none","none"
"Mapoly0056s0127","MpR2R3-MYB12","TF","none","none","none","none","none","none","none"
"Mapoly0057s0012","MpWRKY10","TF","none","none","none","none","none","none","none"
"Mapoly0057s0042","MpTrihelix21","TF","none","none","none","none","none","none","none"
"Mapoly0058s0005","Mp3R-MYB2","TF","none","none","none","none","none","none","none"
"Mapoly0058s0031","MpIDDL3","TF","none","none","none","none","down","down","down"
"Mapoly0058s0044","MpGRAS6/MpDELLA","TF","up","up","none","none","none","down","none"
"Mapoly0058s0044","MpDELLA","GA","up","up","none","none","none","down","none"
"Mapoly0058s0090","MpASLBD7","TF","none","none","none","none","none","none","none"
"Mapoly0006s0020","MIR529c","MIR","none","none","none","none","none","none","none"
"Mapoly0006s0064","MpC2H2-2","TF","none","none","none","none","none","none","none"
"Mapoly0006s0154","MpHD2/SAWADEE","TF","none","none","none","none","none","none","none"
"Mapoly0006s0205","MpAP2B3-1/MpREM4","TF","none","none","none","none","none","none","none"
"Mapoly0006s0226","MpR2R3-MYB2","TF","none","none","none","none","none","none","none"
"Mapoly0060s0052","MpERF13","TF","none","none","none","none","none","none","none"
"Mapoly0060s0079","MpSAUR3","auxin","none","none","none","none","none","none","none"
"Mapoly0060s0092","MpASLBD8","TF","none","none","none","none","none","none","none"
"Mapoly0061s0011","MpSUP","TF","none","none","none","none","none","none","none"
"Mapoly0061s0023","MpC2H2-8","TF","none","none","none","none","none","none","none"
"Mapoly0061s0030","MpWRKY11","TF","none","up","none","none","none","none","up"
"Mapoly0061s0069","Mp4R-MYB1","TF","none","none","none","none","none","none","none"
"Mapoly0061s0075","MpSnRK2A","ABA","none","up","none","none","none","none","none"
"Mapoly0061s0107","MpHD12/C3HDZ","TF","none","none","none","none","none","none","up"
"Mapoly0062s0002","MIR390","MIR","none","none","none","none","none","none","none"
"Mapoly0062s0083","MpARID3","TF","none","none","none","none","none","none","none"
"Mapoly0063s0040","MpYUC2","auxin","down","down","none","none","none","none","up"
"Mapoly0063s0098","MpHD13/MpPLINC","TF","none","none","none","none","none","down","none"
"Mapoly0064s0023","MpGRAS7","TF","none","none","none","none","none","none","none"
"Mapoly0064s0079","MpBBX4","TF","none","none","none","none","none","down","none"
"Mapoly0065s0031","MpAlfin2","TF","none","none","none","none","up","up","up"
"Mapoly0065s0047","MpTrihelix22","TF","none","none","none","none","none","none","none"
"Mapoly0065s0089","MpGRAS8","TF","none","none","none","none","down","down","down"
"Mapoly0066s0103","MpERF14","TF","none","down","none","none","none","none","up"
"Mapoly0068s0079","MpC2H2-9","TF","down","down","none","none","none","none","none"
"Mapoly0068s0088","MpERF15","TF","none","none","none","none","none","none","up"
"Mapoly0068s0088","MpERF1","ethylene","none","none","none","none","none","none","up"
"Mapoly0068s0102","MpTCP1","TF","none","none","none","none","none","none","none"
"Mapoly0069s0009","MpbZIP11/MpABI5A","TF","none","none","none","none","none","none","none"
"Mapoly0069s0009","MpABI5A","ABA","none","none","none","none","none","none","none"
"Mapoly0069s0060","MpC2H2-10","TF","none","down","none","down","none","none","none"
"Mapoly0069s0069","MpHD14/C2HDZ","TF","up","up","none","none","none","none","down"
"Mapoly0069s0069","MpC2HDZ","auxin","up","up","none","none","none","none","down"
"Mapoly0069s0082","MpC2H2-11","TF","none","none","none","none","none","none","none"
"Mapoly0007s0001","MpWRKY1","TF","none","none","none","none","none","down","none"
"Mapoly0007s0033","Mp1R-MYB2","TF","none","none","none","none","none","none","up"
"Mapoly0007s0056","MpbZIP2","TF","none","none","none","none","none","down","none"
"Mapoly0007s0221","MpHD3/C1HDZ","TF","down","none","none","none","up","up","up"
"Mapoly0007s0260","MIR11707.1","MIR","none","up","none","none","none","none","up"
"Mapoly0007s0265","MpR2R3-MYB3","TF","none","none","none","none","none","none","none"
"Mapoly0007s0271","MpR2R3-MYB4","TF","none","none","none","none","up","up","up"
"Mapoly0070s0028","MpC2H2-18","TF","none","none","none","none","none","none","none"
"Mapoly0070s0095","MpC2H2-12","TF","none","none","none","none","none","none","none"
"Mapoly0072s0031","MpBZR3","TF","none","none","none","none","none","none","none"
"Mapoly0072s0050","MpbZIP12/MpABI5B","TF","none","up","none","none","none","none","none"
"Mapoly0072s0050","MpABI5B","ABA","none","up","none","none","none","none","none"
"Mapoly0072s0075","MpR2R3-MYB13","TF","none","none","none","none","none","none","none"
"Mapoly0072s0102","MpAP2B3-1/MpRAV","TF","none","none","none","down","none","none","up"
"Mapoly0721s0001","MpASLBD18","TF","none","none","none","none","none","none","none"
"Mapoly0073s0038","MpR2R3-MYB14","TF","none","none","none","none","none","none","none"
"Mapoly0073s0051","MpbHLH40","TF","none","down","none","down","none","none","none"
"Mapoly0073s0059","MpbHLH39","TF","none","down","none","down","none","none","none"
"Mapoly0737s0001","MpbZIP15","TF","none","down","none","none","none","none","up"
"Mapoly0074s0026","MpB3-5/MpVAL","TF","none","none","none","none","none","none","none"
"Mapoly0074s0047","MpGATA4","TF","down","down","none","none","none","down","none"
"Mapoly0074s0081","MpCAMTA","TF","none","none","none","none","none","down","none"
"Mapoly0075s0050","MpncARF","auxin","none","none","none","none","none","none","up"
"Mapoly0075s0051","Mp1R-MYB14","TF","none","none","none","none","none","down","none"
"Mapoly0075s0052","MpABCB2","auxin","none","none","none","none","none","none","none"
"Mapoly0075s0053","MpABCB1","auxin","none","none","none","up","none","none","down"
"Mapoly0075s0066","Cytokinin receptors","cytokinin","none","none","none","none","none","none","none"
"Mapoly0076s0039","MpIDDL4","TF","none","none","none","none","none","down","none"
"Mapoly0078s0019","MpGeBP2","TF","none","none","none","none","none","none","up"
"Mapoly0078s0020","MpGeBP3","TF","none","none","none","none","none","none","none"
"Mapoly0079s0028","MpCTR1","ethylene","none","down","none","down","none","down","up"
"Mapoly0079s0050","MpCTR2","ethylene","none","none","none","none","none","none","none"
"Mapoly0079s0052","Mp1R-MYB15","TF","none","none","none","none","none","none","up"
"Mapoly0079s0062","MpGRAS12","TF","none","none","none","none","none","none","none"
"Mapoly0008s0016","Mp1R-MYB3","TF","none","none","none","none","none","none","none"
"Mapoly0008s0029","MpR2R3-MYB5","TF","none","up","none","none","up","up","up"
"Mapoly0008s0031","MpSPL4","TF","none","none","none","none","none","down","none"
"Mapoly0008s0060","MpASLBD2","TF","none","none","none","none","none","none","none"
"Mapoly0008s0071","MpAP2L1/MpANT","TF","none","up","none","none","none","none","up"
"Mapoly0008s0157","MpSKP2A","auxin","none","down","none","none","none","none","up"
"Mapoly0008s0159","MpWRKY2","TF","none","none","none","none","none","none","up"
"Mapoly0080s0037","MpASLBD9","TF","none","none","none","none","none","none","none"
"Mapoly0080s0053","MpLIM3","TF","none","down","none","none","none","none","none"
"Mapoly0080s0093","MpHD15/PHD","TF","none","none","none","none","none","none","none"
"Mapoly0811s0001","Mp1R-MYB22","TF","none","none","none","none","none","none","none"
"Mapoly0817s0001","MpASLBD19","TF","none","none","none","none","none","none","none"
"Mapoly0083s0007","MpGRAS11","TF","none","up","none","none","none","none","none"
"Mapoly0083s0040","MpNLP/MpNIN","TF","none","up","none","none","none","down","up"
"Mapoly0083s0069","MpIDDL5","TF","up","up","none","up","none","down","up"
"Mapoly0083s0076","MpIAR4A","auxin","up","none","none","none","none","none","none"
"Mapoly0084s0032","MpASLBD10","TF","none","none","none","none","none","none","none"
"Mapoly0084s0045","MpAMI1","auxin","none","none","none","none","none","none","none"
"Mapoly0084s0051","MpCXC3","TF","none","none","none","none","none","none","down"
"Mapoly0084s0085","Mp1R-MYB16","TF","none","none","none","none","none","none","none"
"Mapoly0085s0044","MpC2H2-13","TF","none","none","none","none","none","none","none"
"Mapoly0085s0081","MpTOC1","TF","none","down","none","none","none","down","none"
"Mapoly0085s0092","MpR2R3-MYB15","TF","none","down","none","none","none","none","none"
"Mapoly0086s0035","MpB3-6/MpABI3A","TF","none","up","none","none","none","none","down"
"Mapoly0086s0035","MpABI3A","ABA","none","up","none","none","none","none","down"
"Mapoly0086s0046","MpNAC9","TF","none","none","none","none","none","none","none"
"Mapoly0086s0081","MpTrihelix23","TF","none","none","none","none","none","none","none"
"Mapoly0874s0001","MpR2R3-MYB20","TF","none","up","none","none","up","up","up"
"Mapoly0088s0024","MpEIL/EIN3","TF","none","none","none","none","none","down","none"
"Mapoly0088s0024","MpEIN3","ethylene","none","none","none","none","none","down","none"
"Mapoly0088s0049","MpbHLH19","TF","none","up","none","none","none","none","none"
"Mapoly0089s0050","MpPIN1","auxin","none","none","none","none","none","none","none"
"Mapoly0089s0067","MpC2H2-14","TF","none","none","none","none","none","none","none"
"Mapoly0009s0010","Mp1R-MYB4","TF","none","none","none","none","none","down","none"
"Mapoly0009s0013","MpAP2L2","TF","none","none","none","none","none","none","none"
"Mapoly0009s0061","MpERF2","TF","none","none","none","none","none","none","none"
"Mapoly0009s0166","MpASLBD3","TF","none","none","none","none","none","none","none"
"Mapoly0090s0001","MpERF16","TF","none","none","none","none","none","none","none"
"Mapoly0090s0002","MpERF17","TF","none","none","none","none","none","up","none"
"Mapoly0090s0091","Mp1R-MYB17","TF","none","up","none","none","none","down","up"
"Mapoly0091s0008","MpbHLH28","TF","none","none","none","none","none","none","none"
"Mapoly0091s0012","Mp1R-MYB18","TF","none","down","none","none","none","none","down"
"Mapoly0091s0063","MpNAC5","TF","none","none","none","none","none","none","up"
"Mapoly0091s0072","HP","cytokinin","none","up","none","none","none","down","none"
"Mapoly0092s0004","Mp1R-MYB19","TF","none","up","none","none","none","none","none"
"Mapoly0092s0005","MpR2R3-MYB16","TF","none","none","none","none","none","none","none"
"Mapoly0092s0043","PILS3","auxin","none","none","none","none","up","up","up"
"Mapoly0092s0058","MpERF18","TF","none","down","none","none","none","up","none"
"Mapoly0093s0012","MpCKX2 cytokinin oxidase2","cytokinin","none","none","none","none","up","up","up"
"Mapoly0093s0018","MpASLBD11","TF","none","up","none","none","none","none","up"
"Mapoly0093s0028","MpHD16/MpBELL5","TF","none","none","none","none","none","none","none"
"Mapoly0093s0032","MpAP2B3-2/MpREM3","TF","none","none","none","none","none","none","none"
"Mapoly0093s0069","MpASLBD12","TF","none","none","none","none","up","up","up"
"Mapoly0094s0004","MpARID4","TF","none","none","none","none","none","none","none"
"Mapoly0094s0006","MpGTG","ABA","none","none","none","none","none","none","none"
"Mapoly0095s0022","MIR408","MIR","none","none","none","none","none","none","none"
"Mapoly0095s0037","MpC2H2-15","TF","none","none","none","none","none","none","none"
"Mapoly0095s0046","MpGATA5","TF","none","none","none","none","none","none","none"
"Mapoly0096s0050","MpIDDL6/MpWIP","TF","up","up","none","none","down","down","down"
"Mapoly0096s0050","MpWIP","auxin","up","up","none","none","down","down","down"
"Mapoly0096s0058","MpR2R3-MYB17","TF","none","none","none","up","none","none","down"
"Mapoly0097s0021","MpJAZ","JA","none","none","none","none","none","none","none"
"Mapoly0097s0049","MpTPS4","GA","none","none","none","none","none","down","none"
"Mapoly0097s0062","MpASLBD13","TF","none","none","none","none","none","none","none"
"Mapoly0098s0016","MIR319a","MIR","none","none","none","none","none","none","none"
"Mapoly0098s0044","MpGARP3/MpPHR1","TF","none","none","none","none","none","none","up"
"Mapoly0098s0046","MpbHLH10","TF","up","none","none","none","none","none","up"
"Mapoly-CUFF.21668","MpASLBD23","TF","none","none","none","none","none","none","none"
